"Points:0","Points:1","Points:2"
1.38155e+01,5.00000e-02,0.00000e+00
1.84207e+01,5.00000e-02,0.00000e+00
